Brand,Model,Engine Segment,Fuel Type,ARAI Mileage (kmpl) (Approx),Owner Reported Mileage (kmpl) (Approx)
Kawasaki,Z 180,150-200cc,Petrol,44.5,36.0
Triumph,Scrambler 110,100-125cc,Petrol,62.1,55.6
Triumph,Speed 150,150-200cc,Petrol,48.5,42.3
Bajaj,Platina 650,400cc+,Petrol,19.1,15.7
KTM,RC 125,100-125cc,Petrol,62.6,54.1
Royal Enfield,Meteor 350,200-400cc,Petrol,30.1,26.2
Benelli,Imperiale 160,150-200cc,Petrol,47.6,39.6
Hero,Xpulse 200,150-200cc,Petrol,48.4,39.9
Royal Enfield,Classic 300,200-400cc,Petrol,32.5,28.9
Kawasaki,Z 100,100-125cc,Petrol,67.1,56.4
TVS,Ntorq 180,150-200cc,Petrol,38.2,33.0
BMW,G310GS 180,150-200cc,Petrol,35.8,30.7
Kawasaki,Ninja 350,200-400cc,Petrol,25.6,22.0
Yamaha,RayZR 500,400cc+,Petrol,29.3,26.0
TVS,Ntorq 500,400cc+,Petrol,15.6,13.1
Honda,CB 100,100-125cc,Petrol,57.2,47.1
Kawasaki,Ninja 250,200-400cc,Petrol,28.3,23.7
Benelli,Imperiale 180,150-200cc,Petrol,40.4,32.9
Royal Enfield,Meteor 160,150-200cc,Petrol,45.6,37.8
Yamaha,R15 500,400cc+,Petrol,16.5,13.5
Kawasaki,Z 200,150-200cc,Petrol,45.8,40.5
BMW,G310GS 500,400cc+,Petrol,21.9,17.6
KTM,RC 160,150-200cc,Petrol,46.1,37.7
TVS,Ntorq 650,400cc+,Petrol,26.9,24.1
Yamaha,MT 300,200-400cc,Petrol,36.4,32.8
Jawa,42 250,200-400cc,Petrol,25.4,20.4
Royal Enfield,Classic 500,400cc+,Petrol,24.1,19.4
Honda,Shine 650,400cc+,Petrol,25.0,21.8
Benelli,TRK 500,400cc+,Petrol,24.4,20.1
Bajaj,Dominar 250,200-400cc,Petrol,26.3,21.4
Triumph,Speed 500,400cc+,Petrol,19.5,16.0
Royal Enfield,Interceptor 500,400cc+,Petrol,24.8,20.7
Honda,Hornet 160,150-200cc,Petrol,40.6,35.0
Royal Enfield,Interceptor 125,100-125cc,Petrol,64.2,51.7
Royal Enfield,Interceptor 300,200-400cc,Petrol,30.9,27.2
Suzuki,Access 400,200-400cc,Petrol,29.1,26.1
KTM,Duke 650,400cc+,Petrol,17.7,14.8
Royal Enfield,Himalayan 180,150-200cc,Petrol,45.3,40.6
Bajaj,Dominar 400,200-400cc,Petrol,26.1,22.2
Jawa,42 125,100-125cc,Petrol,73.6,60.6
Ducati,Monster 650,400cc+,Petrol,24.2,21.7
BMW,G310R 160,150-200cc,Petrol,36.8,32.7
Hero,Passion 200,150-200cc,Petrol,49.1,43.3
Bajaj,Dominar 160,150-200cc,Petrol,47.5,39.5
Suzuki,Access 650,400cc+,Petrol,25.6,20.9
Royal Enfield,Hunter 150,150-200cc,Petrol,42.1,37.8
Kawasaki,Versys 350,200-400cc,Petrol,32.5,29.1
Suzuki,Gixxer 100,100-125cc,Petrol,58.8,47.8
Suzuki,Burgman 350,200-400cc,Petrol,39.7,35.4
Benelli,TRK 180,150-200cc,Petrol,43.3,36.3
Benelli,TRK 100,100-125cc,Petrol,65.4,56.5
TVS,Apache 150,150-200cc,Petrol,40.3,34.0
BMW,G310R 350,200-400cc,Petrol,34.7,30.4
TVS,Raider 110,100-125cc,Petrol,68.7,58.0
Suzuki,Burgman 300,200-400cc,Petrol,26.2,23.1
TVS,Jupiter 250,200-400cc,Petrol,25.6,20.8
Suzuki,V-Strom 160,150-200cc,Petrol,39.0,32.1
Honda,Shine 500,400cc+,Petrol,26.4,22.8
Suzuki,V-Strom 300,200-400cc,Petrol,25.7,21.6
Ducati,Scrambler 650,400cc+,Petrol,16.0,13.6
Bajaj,Pulsar 500,400cc+,Petrol,21.2,19.0
Suzuki,Gixxer 200,150-200cc,Petrol,41.4,34.6
Triumph,Speed 250,200-400cc,Petrol,36.9,32.8
Jawa,Perak 350,200-400cc,Petrol,35.1,30.1
Jawa,Perak 500,400cc+,Petrol,27.6,23.9
Triumph,Speed 125,100-125cc,Petrol,70.1,61.9
Ducati,Scrambler 150,150-200cc,Petrol,45.1,37.1
Yamaha,MT 100,100-125cc,Petrol,57.6,50.8
TVS,Sport 180,150-200cc,Petrol,35.8,29.2
Hero,HF Deluxe 110,100-125cc,Petrol,56.6,49.2
Benelli,Imperiale 150,150-200cc,Petrol,49.0,40.5
Aprilia,RS 350,200-400cc,Petrol,38.8,31.3
KTM,Duke 160,150-200cc,Petrol,43.9,35.5
KTM,RC 400,200-400cc,Petrol,30.8,24.9
Bajaj,Pulsar 200,150-200cc,Petrol,42.9,35.9
Kawasaki,Ninja 100,100-125cc,Petrol,60.6,53.4
Kawasaki,Z 150,150-200cc,Petrol,49.7,42.3
Honda,Hornet 125,100-125cc,Petrol,59.6,48.6
Honda,Shine 110,100-125cc,Petrol,66.8,53.6
Ducati,Scrambler 250,200-400cc,Petrol,33.9,28.2
Yamaha,FZ 110,100-125cc,Petrol,73.3,59.8
Triumph,Speed 200,150-200cc,Petrol,46.6,41.5
Yamaha,RayZR 250,200-400cc,Petrol,26.1,22.6
Triumph,Scrambler 250,200-400cc,Petrol,39.7,33.1
Bajaj,Platina 150,150-200cc,Petrol,43.1,38.7
Honda,CB 125,100-125cc,Petrol,59.7,51.5
Kawasaki,Ninja 300,200-400cc,Petrol,32.0,27.4
Ducati,Monster 150,150-200cc,Petrol,44.4,37.9
Benelli,TRK 250,200-400cc,Petrol,30.3,25.1
Aprilia,SR 250,200-400cc,Petrol,28.9,24.7
Honda,Unicorn 110,100-125cc,Petrol,71.4,62.1
Hero,Xtreme 180,150-200cc,Petrol,39.3,33.4
Kawasaki,Versys 110,100-125cc,Petrol,65.6,57.1
Aprilia,RS 160,150-200cc,Petrol,50.0,41.3
BMW,G310R 200,150-200cc,Petrol,48.3,40.3
Suzuki,Burgman 500,400cc+,Petrol,23.5,20.1
Benelli,TRK 160,150-200cc,Petrol,38.9,33.6
BMW,G310R 650,400cc+,Petrol,16.6,14.9
Bajaj,Avenger 100,100-125cc,Petrol,73.0,65.4
KTM,Duke 500,400cc+,Petrol,28.5,23.4
Honda,Hornet 110,100-125cc,Petrol,71.2,58.1
BMW,G310GS 150,150-200cc,Petrol,47.4,39.7
Suzuki,Access 500,400cc+,Petrol,17.4,15.1
Triumph,Scrambler 100,100-125cc,Petrol,69.7,61.2
Honda,Hornet 350,200-400cc,Petrol,35.4,29.3
Hero,Xtreme 400,200-400cc,Petrol,30.0,26.6
Aprilia,SR 350,200-400cc,Petrol,25.2,22.2
Ducati,Monster 250,200-400cc,Petrol,37.1,31.4
BMW,G310R 300,200-400cc,Petrol,39.4,32.6
Yamaha,Fascino 300,200-400cc,Petrol,36.0,31.8
Aprilia,RS 250,200-400cc,Petrol,39.6,31.8
Aprilia,RS 650,400cc+,Petrol,26.3,22.8
Bajaj,Dominar 300,200-400cc,Petrol,28.6,24.7
Kawasaki,Z 500,400cc+,Petrol,26.1,21.2
Ducati,Scrambler 350,200-400cc,Petrol,30.6,27.1
Suzuki,Gixxer 150,150-200cc,Petrol,40.4,35.5
TVS,Apache 300,200-400cc,Petrol,38.5,32.6
Honda,Hornet 400,200-400cc,Petrol,31.8,25.5
Ducati,Scrambler 500,400cc+,Petrol,25.7,23.0
Kawasaki,Versys 125,100-125cc,Petrol,62.9,50.4
KTM,RC 250,200-400cc,Petrol,28.7,24.0
Suzuki,Burgman 180,150-200cc,Petrol,44.6,36.2
Suzuki,Burgman 150,150-200cc,Petrol,46.9,37.6
Honda,Unicorn 160,150-200cc,Petrol,36.9,32.0
Jawa,Perak 180,150-200cc,Petrol,45.4,40.2
Aprilia,SR 300,200-400cc,Petrol,32.3,25.9
Ducati,Scrambler 110,100-125cc,Petrol,69.4,61.2
TVS,Apache 200,150-200cc,Petrol,37.8,31.8
Royal Enfield,Himalayan 125,100-125cc,Petrol,60.1,49.1
Honda,Unicorn 150,150-200cc,Petrol,48.8,39.7
Jawa,42 300,200-400cc,Petrol,35.0,29.4
Hero,Glamour 400,200-400cc,Petrol,33.3,29.7
Benelli,Imperiale 650,400cc+,Petrol,24.3,19.8
Benelli,TRK 400,200-400cc,Petrol,28.1,24.3
Honda,Shine 300,200-400cc,Petrol,30.5,25.2
Kawasaki,Versys 250,200-400cc,Petrol,30.6,25.2
KTM,Duke 100,100-125cc,Petrol,73.3,60.7
Hero,Xtreme 250,200-400cc,Petrol,25.9,21.1
Hero,Xtreme 110,100-125cc,Petrol,69.7,62.0
Bajaj,Avenger 650,400cc+,Petrol,23.4,20.8
Ducati,Scrambler 100,100-125cc,Petrol,56.9,46.0
Hero,HF Deluxe 150,150-200cc,Petrol,43.7,38.9
Yamaha,Fascino 350,200-400cc,Petrol,26.8,22.6
Benelli,Imperiale 300,200-400cc,Petrol,34.7,30.9
Kawasaki,Ninja 400,200-400cc,Petrol,28.5,23.3
Honda,Unicorn 250,200-400cc,Petrol,32.1,25.7
Bajaj,Avenger 110,100-125cc,Petrol,69.5,62.2
Honda,Shine 250,200-400cc,Petrol,25.8,23.0
Honda,SP 150,150-200cc,Petrol,41.7,34.2
BMW,G310GS 110,100-125cc,Petrol,59.4,52.0
Ducati,Scrambler 400,200-400cc,Petrol,25.9,22.4
Ducati,Monster 400,200-400cc,Petrol,28.6,23.5
Jawa,42 650,400cc+,Petrol,24.3,19.8
Aprilia,SR 180,150-200cc,Petrol,45.8,39.3
Jawa,42 100,100-125cc,Petrol,63.7,52.8
Kawasaki,Ninja 650,400cc+,Petrol,23.2,18.9
Jawa,Perak 250,200-400cc,Petrol,28.8,23.9
Suzuki,Access 350,200-400cc,Petrol,34.6,30.1
Honda,Unicorn 100,100-125cc,Petrol,60.8,50.5
Kawasaki,Z 400,200-400cc,Petrol,34.4,28.0
KTM,RC 180,150-200cc,Petrol,45.5,38.2
Jawa,42 180,150-200cc,Petrol,38.1,31.7
Aprilia,SR 650,400cc+,Petrol,29.3,25.8
Honda,SP 350,200-400cc,Petrol,32.2,26.3
Royal Enfield,Classic 400,200-400cc,Petrol,29.8,24.8
Suzuki,Access 110,100-125cc,Petrol,64.3,52.4
Aprilia,RS 150,150-200cc,Petrol,42.9,37.6
Hero,Splendor 125,100-125cc,Petrol,65.5,55.4
Bajaj,Dominar 180,150-200cc,Petrol,49.0,41.5
Aprilia,SR 150,150-200cc,Petrol,44.4,38.6
Hero,HF Deluxe 350,200-400cc,Petrol,29.2,24.9
KTM,Duke 150,150-200cc,Petrol,44.8,40.0
Yamaha,RayZR 150,150-200cc,Petrol,48.0,41.5
Benelli,TRK 125,100-125cc,Petrol,58.4,46.8
Suzuki,Access 150,150-200cc,Petrol,48.5,43.0
Aprilia,RS 100,100-125cc,Petrol,70.1,61.1
Hero,Passion 650,400cc+,Petrol,19.8,17.4
Suzuki,Access 160,150-200cc,Petrol,43.6,36.6
Benelli,Imperiale 500,400cc+,Petrol,29.5,26.2
BMW,G310R 180,150-200cc,Petrol,47.7,39.1
Honda,Activa 500,400cc+,Petrol,28.3,23.1
Honda,Shine 150,150-200cc,Petrol,35.4,29.8
Hero,HF Deluxe 125,100-125cc,Petrol,68.7,58.7
TVS,Jupiter 160,150-200cc,Petrol,43.8,37.3
Yamaha,RayZR 110,100-125cc,Petrol,71.1,59.6
Yamaha,Fascino 100,100-125cc,Petrol,69.1,58.0
KTM,RC 100,100-125cc,Petrol,64.5,51.7
Triumph,Speed 400,200-400cc,Petrol,36.3,32.3
TVS,Ntorq 100,100-125cc,Petrol,74.2,66.3
Ducati,Monster 160,150-200cc,Petrol,39.9,32.5
Royal Enfield,Meteor 110,100-125cc,Petrol,64.4,52.9
Royal Enfield,Bullet 400,200-400cc,Petrol,35.7,30.2
Royal Enfield,Meteor 250,200-400cc,Petrol,34.0,30.5
Yamaha,Fascino 500,400cc+,Petrol,16.8,13.9
Hero,Splendor 400,200-400cc,Petrol,37.1,32.7
Aprilia,RS 500,400cc+,Petrol,20.8,18.4
KTM,Duke 250,200-400cc,Petrol,32.7,29.3
TVS,Apache 400,200-400cc,Petrol,35.8,29.5
Triumph,Speed 350,200-400cc,Petrol,38.1,34.2
Benelli,Imperiale 125,100-125cc,Petrol,64.6,56.6
Honda,Hornet 100,100-125cc,Petrol,69.8,58.8
Triumph,Scrambler 150,150-200cc,Petrol,37.8,31.1
BMW,G310GS 650,400cc+,Petrol,28.5,24.7
Bajaj,Platina 350,200-400cc,Petrol,30.1,26.1
Ducati,Monster 350,200-400cc,Petrol,36.3,31.3
BMW,G310GS 125,100-125cc,Petrol,55.5,48.8
BMW,G310GS 160,150-200cc,Petrol,45.7,38.5
Triumph,Speed 180,150-200cc,Petrol,40.9,33.9
Yamaha,FZ 300,200-400cc,Petrol,32.1,26.8
TVS,Sport 110,100-125cc,Petrol,57.7,47.9
Benelli,TRK 150,150-200cc,Petrol,47.1,40.8
KTM,RC 110,100-125cc,Petrol,73.1,59.7
Honda,Activa 400,200-400cc,Petrol,27.0,22.8
Royal Enfield,Interceptor 200,150-200cc,Petrol,49.8,40.6
Bajaj,CT 650,400cc+,Petrol,20.6,16.5
Triumph,Scrambler 180,150-200cc,Petrol,45.3,40.4
Suzuki,Burgman 400,200-400cc,Petrol,30.0,26.5
Royal Enfield,Himalayan 400,200-400cc,Petrol,30.7,25.7
Triumph,Scrambler 200,150-200cc,Petrol,47.7,41.1
Ducati,Monster 180,150-200cc,Petrol,37.3,31.4
Bajaj,Avenger 250,200-400cc,Petrol,31.9,26.4
Bajaj,Pulsar 110,100-125cc,Petrol,56.5,49.4
BMW,G310R 250,200-400cc,Petrol,33.5,27.4
TVS,Apache 250,200-400cc,Petrol,33.2,27.6
Kawasaki,Z 160,150-200cc,Petrol,40.9,36.4
Royal Enfield,Classic 200,150-200cc,Petrol,36.7,32.0
Benelli,Imperiale 110,100-125cc,Petrol,59.0,47.9
Aprilia,SR 400,200-400cc,Petrol,35.5,29.1
TVS,Apache 160,150-200cc,Petrol,38.0,31.6
Royal Enfield,Interceptor 110,100-125cc,Petrol,64.1,52.1
Benelli,TRK 300,200-400cc,Petrol,29.8,25.9
Triumph,Speed 650,400cc+,Petrol,27.4,24.0
Suzuki,V-Strom 125,100-125cc,Petrol,68.8,58.4
Royal Enfield,Classic 350,200-400cc,Petrol,25.4,21.8
Bajaj,CT 350,200-400cc,Petrol,39.0,33.1
Honda,Unicorn 350,200-400cc,Petrol,36.1,30.6
BMW,G310R 400,200-400cc,Petrol,38.3,33.1
TVS,Raider 300,200-400cc,Petrol,32.4,28.5
Bajaj,Dominar 350,200-400cc,Petrol,31.0,24.9
Jawa,42 200,150-200cc,Petrol,41.3,37.0
Honda,Shine 400,200-400cc,Petrol,25.2,21.0
Jawa,42 160,150-200cc,Petrol,42.4,34.7
Aprilia,SR 500,400cc+,Petrol,21.0,17.3
Hero,Splendor 200,150-200cc,Petrol,37.5,32.4
Honda,Hornet 500,400cc+,Petrol,20.3,17.3
Kawasaki,Versys 180,150-200cc,Petrol,47.6,39.4
Aprilia,RS 300,200-400cc,Petrol,34.5,28.1
Honda,SP 160,150-200cc,Petrol,35.6,29.9
KTM,RC 300,200-400cc,Petrol,25.5,21.6
Suzuki,Gixxer 250,200-400cc,Petrol,35.9,31.7
Royal Enfield,Interceptor 350,200-400cc,Petrol,37.6,30.9
Suzuki,Burgman 200,150-200cc,Petrol,47.4,40.3
Royal Enfield,Hunter 300,200-400cc,Petrol,26.0,21.0
Bajaj,Pulsar 180,150-200cc,Petrol,44.9,38.0
Honda,Activa 160,150-200cc,Petrol,37.7,30.7
Aprilia,SR 125,100-125cc,Petrol,67.2,55.7
Bajaj,Pulsar 160,150-200cc,Petrol,35.1,30.3
TVS,Jupiter 650,400cc+,Petrol,22.1,17.7
Royal Enfield,Himalayan 300,200-400cc,Petrol,28.8,25.4
Jawa,42 110,100-125cc,Petrol,73.1,59.9
TVS,Apache 125,100-125cc,Petrol,72.5,62.6
Royal Enfield,Classic 250,200-400cc,Petrol,29.6,24.7
Hero,Xpulse 160,150-200cc,Petrol,46.5,37.3
Honda,Shine 100,100-125cc,Petrol,69.3,56.3
Honda,Activa 200,150-200cc,Petrol,35.5,31.4
Suzuki,Access 300,200-400cc,Petrol,32.6,28.6
Hero,Xpulse 180,150-200cc,Petrol,41.9,35.9
TVS,Ntorq 125,100-125cc,Petrol,69.1,62.1
Bajaj,Pulsar 650,400cc+,Petrol,28.2,22.8
KTM,Duke 180,150-200cc,Petrol,48.4,39.5
Hero,Xpulse 650,400cc+,Petrol,21.8,18.3
Royal Enfield,Interceptor 180,150-200cc,Petrol,36.7,31.0
Benelli,Imperiale 250,200-400cc,Petrol,33.9,27.3
Yamaha,Fascino 160,150-200cc,Petrol,41.7,37.4
Bajaj,CT 250,200-400cc,Petrol,26.0,23.1
Hero,Passion 300,200-400cc,Petrol,30.1,26.2
Royal Enfield,Himalayan 650,400cc+,Petrol,19.9,17.4
Royal Enfield,Interceptor 100,100-125cc,Petrol,58.2,52.3
Jawa,42 500,400cc+,Petrol,27.8,23.9
TVS,Raider 180,150-200cc,Petrol,47.8,41.2
Jawa,Perak 300,200-400cc,Petrol,33.6,30.2
Honda,CB 650,400cc+,Petrol,29.5,25.0
Hero,Glamour 300,200-400cc,Petrol,34.8,30.3
Ducati,Monster 500,400cc+,Petrol,15.1,13.2
TVS,Apache 650,400cc+,Petrol,24.2,21.0
Yamaha,R15 150,150-200cc,Petrol,39.6,33.4
Yamaha,Fascino 250,200-400cc,Petrol,32.5,26.6
KTM,Duke 110,100-125cc,Petrol,61.6,51.1
Jawa,42 400,200-400cc,Petrol,26.7,23.3
Aprilia,SR 200,150-200cc,Petrol,45.6,37.5
Ducati,Scrambler 300,200-400cc,Petrol,25.4,22.1
Ducati,Scrambler 160,150-200cc,Petrol,43.5,36.7
Suzuki,Access 250,200-400cc,Petrol,39.4,32.2
Yamaha,Fascino 180,150-200cc,Petrol,38.3,32.5
Suzuki,Gixxer 125,100-125cc,Petrol,69.7,59.8
KTM,RC 650,400cc+,Petrol,24.5,20.5
Jawa,Perak 150,150-200cc,Petrol,40.8,36.4
Aprilia,RS 180,150-200cc,Petrol,41.0,34.7
BMW,G310GS 400,200-400cc,Petrol,37.2,30.9
Triumph,Speed 110,100-125cc,Petrol,67.1,56.4
Hero,Glamour 250,200-400cc,Petrol,25.9,22.7
Ducati,Scrambler 125,100-125cc,Petrol,73.3,63.3
Yamaha,FZ 500,400cc+,Petrol,29.1,25.5
TVS,Apache 100,100-125cc,Petrol,68.7,58.5
Honda,CB 160,150-200cc,Petrol,46.0,40.4
KTM,RC 150,150-200cc,Petrol,39.1,32.6
Triumph,Scrambler 125,100-125cc,Petrol,71.2,59.0
Honda,Activa 125,100-125cc,Petrol,55.7,46.4
Royal Enfield,Bullet 150,150-200cc,Petrol,39.4,33.0
Jawa,Perak 110,100-125cc,Petrol,71.2,60.3
Hero,Passion 150,150-200cc,Petrol,36.4,32.3
Honda,Unicorn 400,200-400cc,Petrol,34.2,28.7
Bajaj,Avenger 500,400cc+,Petrol,27.3,23.7
Ducati,Monster 100,100-125cc,Petrol,66.0,55.5
Hero,Xtreme 125,100-125cc,Petrol,73.1,59.6
Jawa,Perak 400,200-400cc,Petrol,36.1,30.8
Ducati,Scrambler 200,150-200cc,Petrol,46.0,41.2
BMW,G310R 125,100-125cc,Petrol,56.7,45.6
Royal Enfield,Meteor 650,400cc+,Petrol,15.5,13.4
Kawasaki,Z 110,100-125cc,Petrol,63.8,54.4
Triumph,Scrambler 160,150-200cc,Petrol,45.1,38.8
KTM,RC 200,150-200cc,Petrol,38.6,33.4
Honda,Activa 350,200-400cc,Petrol,28.4,24.7
Hero,Splendor 650,400cc+,Petrol,18.6,15.2
Jawa,Perak 100,100-125cc,Petrol,70.2,60.9
Royal Enfield,Bullet 250,200-400cc,Petrol,35.5,31.8
BMW,G310R 100,100-125cc,Petrol,59.5,53.0
Yamaha,FZ 160,150-200cc,Petrol,42.6,34.5
Kawasaki,Z 650,400cc+,Petrol,29.5,25.3
Bajaj,Pulsar 300,200-400cc,Petrol,25.3,22.4
Hero,HF Deluxe 300,200-400cc,Petrol,34.7,28.2
BMW,G310R 500,400cc+,Petrol,16.4,13.3
Royal Enfield,Classic 100,100-125cc,Petrol,59.7,47.8
TVS,Ntorq 110,100-125cc,Petrol,57.7,47.6
Aprilia,RS 200,150-200cc,Petrol,45.0,37.7
Royal Enfield,Interceptor 650,400cc+,Petrol,25.5,21.8
BMW,G310GS 300,200-400cc,Petrol,26.1,22.8
Royal Enfield,Interceptor 400,200-400cc,Petrol,33.2,28.9
BMW,G310GS 200,150-200cc,Petrol,45.9,41.0
Benelli,TRK 650,400cc+,Petrol,20.0,17.9
TVS,Sport 150,150-200cc,Petrol,42.8,37.8
Aprilia,SR 160,150-200cc,Petrol,48.1,41.3
Suzuki,V-Strom 200,150-200cc,Petrol,50.0,42.3
Triumph,Speed 300,200-400cc,Petrol,33.8,29.2
BMW,G310GS 100,100-125cc,Petrol,67.1,53.9
Hero,Splendor 180,150-200cc,Petrol,47.1,40.3
